"name","label","district_key"
1274,"ADIBA",24
1291,"AFORE",47
549,"AGAUN",7
1098,"AGEVAIRU",57
1379,"AITAPE/ RAIHU",5
346,"AIYOKOS",73
825,"AKA",
744,"AKO",
1096,"AKUFA",57
1315,"ALBINAMA",100
995,"ALKENA",157
550,"ALOTAU",7
551,"ALOTAU",7
443,"ALUNI",160
894,"AMANAB",
1283,"AMBASI",137
1301,"AMBOIN",14
465,"AMBULUA",50
826,"AMIO",
956,"AMS Mt. Hagen",38
300,"ANDAKOMBI",134
345,"ANDITALE",73
1302,"ANGORAM",14
875,"ANGUGANAK",
186,"AONA",136
1297,"APRIL RIVER",9
343,"ARAGULI",73
56,"ARAWA Hospital",19
4,"ARAWA TOWN",19
1118,"AROANA",
274,"ASARO",22
452,"AVIAMP SC",13
1273,"AWABA",24
59,"Abau",1
1214,"Aiome",108
695,"Air transport squadron",127
864,"Aitape/Lumi",168
1375,"Ako",47
862,"Akonga",
1206,"Alexishafen",6
548,"Alotau",7
327,"Amaira",
1255,"Ambunti",9
209,"Ambunti/Drekikier",10
1149,"Angau Hospital - COPD",84
1248,"Angau Hospital - Labour Ward",84
455,"Anglimp/SouthWaghi",12
220,"Angoram",14
1215,"Annaberg",108
3,"Arawa District",16
1244,"Ariangon",17
1177,"Aseki",106
971,"Atenga",38
720,"BABASE",
815,"BAGUALE SC",124
396,"BAIMURU",
991,"BAISU",38
1095,"BAKOIUDU",57
989,"BALG",157
1272,"BALIMO",24
1271,"BALIMO",25
1280,"BAMIO",25
1300,"BANA",9
473,"BANZ No. 1",129
302,"BARABUNDORA",134
1288,"BARISARI",137
569,"BASIMA",28
379,"BEMA",
405,"BENALIA",70
1094,"BEREINA",57
895,"BEWANI",168
841,"BIALLA",
842,"BITOKARA",
1303,"BIWAT",14
912,"BOBOA/LAKE MURRAY",188
478,"BOGIA",97
140,"BOGO",66
48,"BOKU",150
1081,"BOKU",
705,"BOL",63
856,"BOLA",
581,"BOLUBOLU",68
131,"BOMAI",61
1318,"BORAM",174
1070,"BOREGAINA",140
817,"BOSAVI",124
913,"BOSSET",188
1128,"BRAUN DH",31
1311,"BRUGAM",100
565,"BUBULETA",7
570,"BUDOYA",28
781,"BUI YEBI",49
1152,"BUIMO",84
35,"BUIN",
15,"BUKA",126
26,"BUKA HOSPITAL",19
28,"BUKA L/WARD",19
958,"BUKAPENA",115
601,"BULOLO",18
1304,"BUNAM",14
534,"BUNDRALIS",
1153,"BUTIBUM",84
180,"BUTUWIN",69
843,"BUVUSSI",
589,"BWAGAOIA",141
686,"Badili",110
822,"Baea",124
1229,"Bagabag",153
1148,"Baitabag Clinic",97
907,"Bak",
1365,"Balam",180
1143,"Bam CHP",1
1257,"Barakau SC",41
769,"Barevoturu",
906,"Baro",
1228,"Bawak",139
1236,"Begesin",166
1252,"Biaru",173
1196,"Biaru",161
1199,"Bieng",17
1226,"Biliau SC",139
1201,"Biunapas",17
1185,"Boana",120
1268,"Boera",42
1200,"Bogia",17
1370,"Boikan",180
674,"Bomana CIS",109
696,"Bomana police",127
1371,"Bongos",180
1063,"Boru",1
2,"Bougainville Provincial Vaccine Store",126
1237,"Brahman",166
1367,"Brigiti",180
1187,"Buac",120
1186,"Bualu",120
1124,"Buang HSC",18
1125,"Bulolo HC",18
1230,"Bunabun",153
1238,"Bundi",166
1163,"Busaon",51
29,"CARTERETS",126
116,"CHIMBU(SIMBU) Provincial Vaccine Store",21
163,"CHUAVE",21
471,"CLTC",129
58,"Central Provincial Vaccine Store",42
1171,"Centre of Mercy",84
1062,"Chuave",21
162,"Chuave",21
1319,"DAGUA",174
552,"DAIO",7
414,"DAULI",160
1064,"DELEBAI AROANA",140
141,"DEMANGE",66
151,"DENGLAGU",82
159,"DENLAGU",82
806,"DET",124
1085,"DOA",
553,"DOGURA",7
474,"DONA",133
1074,"DOROBISORO",140
1293,"DREKIKIER",26
1202,"Daigul",17
1212,"Danben",6
1023,"Daru Hospital",152
1024,"Daru Urban Clinic",151
273,"Daulo",22
1012,"Debepari",128
974,"Dei",23
1159,"Derim HC",51
1014,"Dome",
554,"EAST CAPE",7
166,"EAST NEW BRITAIN Provincial Vaccine Store",69
208,"EAST SEPIK Provincial Vaccine store",174
272,"EASTERN HIGHLANDS Provincial Vaccine store",
890,"EDWAKI/ YELLOW RIVER",
914,"EMETI",188
756,"EMO RIVER",
329,"ENGA Provincial Vaccine Store",169
786,"EPEANDA",53
711,"EPO/ PALAKAU",186
788,"ERAVE",53
571,"ESA'ALA HC",28
827,"ESELI",
1263,"Efogi",42
1388,"Embesi",47
580,"Esaala",28
1190,"Etap",29
1105,"FANE",33
470,"FATIMA",129
1381,"FATIMA",4
30,"FEAD ISLAND",126
555,"FIFE BAY",7
610,"FINSCHAFEN",142
284,"FORE",40
579,"GABUGABUNA",7
16,"GAGAN",126
1129,"GAGIDU CLINIC",31
556,"GARUAHI",7
828,"GASMATA",
175,"GAULIM",181
1350,"GAWI",174
203,"GELAGELA",138
566,"GELEMALIA",7
149,"GEMBOGL",82
997,"GIA",156
829,"GLOUCESTER",
150,"GOGLME",82
567,"GOILANAI",7
124,"GOMGALE",37
1284,"GONA",137
278,"GOROKA BASE HOSPITAL",34
297,"GOUNO",96
896,"GREEN RIVER",
418,"GUALA",70
590,"GUASOPA",141
572,"GULEGULEU",28
377,"GULF Provincial Vaccine Store",65
187,"GUMA",136
122,"GUMINE",37
557,"GURNEY",7
1065,"Gaba Gaba",140
1251,"Garaina",173
1253,"Garasa CHP",173
860,"Gasmata",
1231,"Gaubin",153
167,"Gazelle - DVS",69
677,"Gerehu",130
71,"Goilala",33
1264,"Goldie",42
1015,"Golgobip",
675,"Gordons",127
1005,"Goroka",34
121,"Gumine",37
1239,"Gusap",166
857,"HAELA",
987,"HAGEN",38
132,"HAIA",61
1142,"HAIKOST",84
440,"HALONGALI",160
17,"HANAHAN",126
431,"HANGAPO",160
854,"HARGY",
1299,"HAUNA",9
380,"HAWABANGO",
426,"HEDEMARI",77
403,"HELA PVS (Tari) Provincial Vaccine Store",159
314,"HENAGARU",135
324,"HENGANOFI",40
285,"HENGANOFI",40
437,"HIWANDA",184
199,"HOIYA",136
439,"HUNGI",160
618,"HUON",44
1018,"Haewenae",
52,"Haisi",150
1378,"Heights Clinic",174
283,"Henganofi",40
1256,"Hiri/Koiari",42
1073,"Hula",140
775,"IALIBU",45
432,"IDAWI",160
397,"IHU",
558,"IKARA",7
1312,"ILAHITA",100
782,"IMBONGU",48
897,"IMONDA",
1091,"INAUAIA",
807,"INU",124
381,"IOKEA",
757,"IOMA",
1114,"IRUNA",
747,"ITOKAMA",
315,"IVINGOI",135
774,"Ialibu/Pangia",46
1170,"Igam Barracks",84
1205,"Igos",17
742,"Ijivitari",47
1225,"Ileg",139
767,"Ilimo",
780,"Imbonggu",49
1160,"Indagen",51
1020,"Iowara",
1305,"JANGIT",15
591,"JINJO SC",141
444,"JIWAKA Provincial Vaccine Store",129
406,"JUNI",70
326,"Jafa",
457,"Jimi",50
1207,"Jomba UC",6
1216,"Josephstaal",108
721,"KABANUT",
624,"KABWUM",172
877,"KAFLEI",
984,"KAGAMUGA",38
427,"KAGOMA",80
789,"KAGUA",53
289,"KAINANTU",54
288,"KAINANTU",54
292,"KAINANTU",55
382,"KAINTIBA",
813,"KAIPU",124
1320,"KAIRIRU",174
429,"KAKARENE",80
11,"KAKUSIDA",19
830,"KALIAI",
573,"KALOKALO",28
281,"KAMA",34
898,"KAMBERATORO",
331,"KAMBIA",73
1309,"KAMBOT",14
1310,"KAMBUKU",14
383,"KAMINA",
1110,"KAMULAI",
1276,"KAMUSI",24
384,"KANABEA",
332,"KANDEP",59
831,"KANDRIAN",
1306,"KANENGARA",14
160,"KANGIR",82
152,"KANGIR",82
808,"KANTOBO",124
855,"KAPIURA",
398,"KAPUNA",
816,"KAR",124
1387,"KARAITEM",3
399,"KARAUTI",
433,"KARIDA",160
123,"KARILMARIGL",37
407,"KARINJA",71
303,"KASSAM",134
36,"KATUHKUH",150
1353,"KAUGIA",177
161,"KAUGLAN",83
783,"KAUPENA",48
706,"KAVIENG HO",63
707,"KAVIENG UC",63
18,"KEKESU",126
419,"KELABO",70
1067,"KEMABOLO",140
139,"KENDINE",66
356,"KEPELAM",
118,"KEPERU",21
1113,"KERAU",
168,"KERAVAT",32
385,"KEREMA",
393,"KEREMA",
996,"KERIPIA",157
135,"KEROWAGI",67
286,"KESAVAKA",40
456,"KETEPAM",
400,"KIKORI",
127,"KILAU",62
858,"KILENGE",
832,"KILENGE",
722,"KIMADAN",
844,"KIMBE",
845,"KIMBE",
468,"KIMIL",129
445,"KINDENG",13
804,"KIP",103
205,"KIPKA",181
758,"KIRA",
582,"KITAVA",68
1157,"KITOC",30
386,"KOARU",
155,"KOGE",147
1001,"KOIBUGA",38
1324,"KOIL",174
458,"KOINAMBE HC",50
759,"KOKODA",
1069,"KOKOROGORO",140
459,"KOL",50
1317,"KOMBIKUM",100
408,"KOMO",70
287,"KOMPERI",40
339,"KOMPIAM",73
37,"KONGA",150
740,"KONOS",74
420,"KOPIAGO",70
421,"KOROBA",182
54,"KOROMIRA",20
975,"KOTNA",23
795,"KUARE",53
1358,"KUBALIA",180
1076,"KUBUNA",57
447,"KUDJIP",
387,"KUKIPI",
50,"KULULA",150
464,"KUMBANTS",50
962,"KUMDI",111
146,"KUNDIAWA",82
147,"KUNDIAWA",82
371,"KUNGUMANDA",171
1354,"KUNJINGINI",177
19,"KUNUA",126
136,"KUP",66
574,"KURADA",28
20,"KURAIO",126
1080,"KURIVA",56
451,"KURKI",132
961,"KURUK",113
820,"KWAIMA",124
592,"KWARAIWA",141
1071,"KWIKILA",140
277,"KWONGI",22
1161,"Kabwum",51
597,"Kaduwaga",141
787,"Kagua/Erave",27
81,"Kairuku",57
1204,"Kaiyoma",17
1072,"Kak",140
394,"Kakoro",
1194,"Kalasa",161
330,"Kandep",59
824,"Kandrian/Gloucester",
1003,"Kanimareta",23
1144,"Kanosia SC",57
328,"Kapakamaliki",
1178,"Kapo",106
13,"Karado",
126,"Karimui/Nomane",62
375,"Kassi",91
1220,"Katiati SC",108
692,"Kaugere",110
704,"Kavieng",121
378,"Kerema",36
134,"Kerowagi",66
475,"Ketepam",
1363,"Keverua",180
1025,"Kibuli",
1269,"Kido",42
395,"Kikori",35
687,"Kilakila",110
568,"Kiriwina-Goodenough",68
55,"Kodora",
178,"Kokopo",
402,"Komaio",
404,"Komo/Magarima",72
338,"Kompiam",73
688,"Konedobu",
312,"Kongi",134
764,"Korisata",
417,"Koroba/Kopiago",75
1372,"Kreer Heights",180
1369,"Kubriwat",180
599,"Kudawaga",
1021,"Kuinga",
1022,"Kuinga Catholic",
1235,"Kulubob",153
145,"Kundiawa/Gembogl",81
1036,"Kungim",
1026,"Kunini",151
1115,"Kupiano",
1246,"Kwanga",108
1179,"Kwaplalaim",106
967,"Kwinga",38
982,"Kyamanda",115
631,"LAE",84
349,"LAIAGAM",92
899,"LAITRE",
535,"LAKO",
358,"LAKOPENDA",169
852,"LALOPO",
723,"LAMASSA",
724,"LAMBOM",
340,"LAPALAMA",58
169,"LASSUL BAY",181
708,"LAVONGAI",63
51,"LEHU",150
709,"LEMAKOT",63
21,"LEMANMANU",126
38,"LENOKE",
388,"LESE AVIHARA",
536,"LESSAU",
738,"LIHIR MEDICAL CENTRE",118
725,"LIPEK",
177,"LIVUAN",181
537,"LOMBRUM",
341,"LONDOR",73
333,"LONGAP",59
533,"LORENGAU",
539,"LORENGAU",
538,"LORENGAU EAST",
540,"LORENGAU WEST",
12,"LORO/ORAMI",20
583,"LOSUIA",68
900,"LOTE",
294,"LUFA",96
1380,"LUMI",3
1191,"Lablab",29
348,"Lagaip/Pogera",89
1261,"Laloki",42
970,"Lapramb",113
689,"Lawes Road",110
1221,"Long Island",139
293,"Lufa",96
1010,"Lumi",3
453,"MADAN",11
487,"MADANG",97
477,"MADANG Provincial Vaccine Store",97
143,"MAGI",66
891,"MAGLERI",
156,"MAI",148
1119,"MAILU ISLAND",
1156,"MAKINI",30
541,"MAL",
389,"MALALAUA",
846,"MALALIA",
366,"MAMBISANDA",171
963,"MAMUSI",111
409,"MANADA",71
760,"MANAU",
5,"MANETAI",19
726,"MANGA",
1122,"MAOPA",
575,"MAPAMOIWA",28
1275,"MAPODA",24
1294,"MAPOSI",9
1313,"MAPRIK",100
727,"MAPUA",
347,"MARAMBE",73
362,"MARAMUNI",169
304,"MARAWAKA",134
410,"MARGARIMA",70
441,"MARIA",160
1307,"MARIENBERG",14
645,"MARKHAM",101
790,"MAROROGO",53
188,"MARUNGA",136
728,"MASAHET",118
1066,"MATAIRUKA",140
189,"MATONG",136
1295,"MAY RIVER",9
779,"MELE SC",46
838,"MELENGLO",
33,"MELEOP",150
797,"MENDI",104
796,"MENDI",105
801,"MENDI UC",103
649,"MENYAMYA",106
729,"MESSI",
710,"METEMANA",186
497,"MIDDLERAMU",108
1151,"MILFORDHAVEN UC",84
837,"MILIMATA",
137,"MINGENDI",66
144,"MINGENDI RURAL",79
448,"MINJ",
316,"MISAPI",135
979,"MITIKU",113
142,"MIUNDE",66
1325,"MOEM",174
798,"MOGOL",105
422,"MOGORO FUGWA",182
181,"MOLOT",69
39,"MONOITU",150
119,"MONONO",21
204,"MOPE",181
584,"MORATAU",68
40,"MORATONA",150
1116,"MOREGUINA",
31,"MORTLOCKS",126
853,"MOSA (NBPOD)",
449,"MOUNT AU",125
985,"MOUNT HAGEN",39
164,"MOVI",147
190,"MUELA",136
878,"MUKILI",
776,"MULI",46
350,"MULITAKA",87
980,"MUN",23
191,"MUNGOU",136
799,"MUNIHU",103
390,"MURUA",65
1027,"Mabudawan",
1208,"Madang Hospital",6
1209,"Madang Town",6
765,"Magure",
301,"Maimafu",134
1169,"Malahang",84
1203,"Malala",17
476,"Mandan",
298,"Mane/Agotu",96
532,"Manus Provincial Vaccine Store",99
1234,"Mapor",153
231,"Maprik",100
1037,"Matkomnai",
1044,"Membok",
1181,"Menyamya HC",106
1180,"Menyamya LHS",106
1373,"Mersey",9
1389,"Metoreia",130
1232,"Miak",153
547,"Milne Bay Provincial Vaccine Store",8
1137,"Mindik HC",31
376,"Monokam",86
697,"Morata",130
678,"Morata Urban Clinic",130
1028,"Morehead",
821,"Moro",122
1136,"Morobe HC",43
600,"Morobe Provincial Vaccine Store",44
57,"Mortlocks",126
1038,"Mougulu",
983,"Mt Hagen Central",111
1233,"Mugil",153
957,"Mul/Baiyer",116
1131,"Mumeng HC",18
679,"Murray Barracks",130
325,"Musave",
1172,"Mutzing/Kaiapit",117
1361,"NAKSIMIGEL",180
730,"NAMATANAI",
170,"NAPAPAR",181
656,"NAWAEB",119
673,"NCD Provincial Vaccine Store",109
128,"NEGABO",61
138,"NERAGAIMA",66
703,"NEW IRELAND Provincial Vaccine Store",63
133,"NIGLGUMA",21
158,"NILGUMA",147
593,"NIMOA",141
876,"NINGIL",
809,"NIPA",124
22,"NISSAN",20
917,"NOMAD",188
129,"NOMANE",60
125,"NONDRI",37
469,"NONDUGL",129
201,"NONGA BASE",138
472,"NORBA",129
280,"NORTH GOROKA UC",34
559,"NUBE",7
879,"NUKU",
976,"NUNGA",23
1355,"NUNGWAIA",177
295,"NUPURU",96
192,"NUTUVE",136
719,"Namatanai DVS",118
1366,"Naramko",180
1,"National Vaccine Store -Badili",110
968,"Negil",113
165,"Niglguma",146
771,"Nindewari",
683,"Nine Mile",127
1039,"Ningerum",
805,"Nipa/Kutubu",124
14,"North Bougainville",126
467,"NorthWaghi",129
874,"Nuku",168
918,"OBO/ KAVINANGA",188
305,"OBURA",134
1155,"OGERANANG",30
317,"OKAPA",135
886,"OKSAPMIN HC",
460,"OLNA",50
585,"OMARAKANA",68
306,"OMAURA",134
290,"ONAMUNGA",54
1106,"ONONGE",
171,"OPEN BAY",181
47,"ORIA",150
1285,"ORO BAY",137
741,"ORO Provincial Vaccine Store",137
401,"OROKOLO",
901,"OSSIMA",
311,"OWENA",134
299,"Obura/Wonenara",134
1258,"Ogoitana",42
313,"Okapa",135
1040,"Olsobip",
993,"PABARABUK",158
423,"PAGA",78
960,"PAGLUM",115
438,"PAI",160
355,"PAIAM",87
351,"PAIELA",90
999,"PAIKONA",157
434,"PAJAKA",160
784,"PAKULE",
731,"PALIE",118
193,"PALMALMAL",136
594,"PANAEATI",141
732,"PANARAS",
411,"PANDUAKA",70
777,"PANGIA",46
6,"PANGUNA",19
542,"PANUSELU",
172,"PAPARATAVA",181
416,"PARA",70
153,"PARI",82
10,"PARUPARU",19
543,"PATU",95
1265,"PAU",42
818,"PAUA",124
442,"PAUA",160
546,"PELIPOWAI",
1382,"PES",4
41,"PIANO",150
833,"PILILO",
717,"PILIWA",
810,"PIMAGA",123
800,"PINGIRIP",103
42,"PIVA (TOROKINA)",19
969,"POI",38
1385,"POKAMO",4
454,"POLGA",13
718,"POLIAMBA/LAKURUMA",
811,"POMBEREAL",124
1286,"POPONDETTA HOSPITAL",137
352,"PORGERA",94
424,"PORI",183
1386,"PUANG",2
884,"PUANG",
712,"PUAS",64
733,"PUKPUK",118
364,"PUMAKOS",171
560,"PUMANI",7
425,"PURENI",76
734,"PUT",
391,"PUTEI",65
702,"Pacific Adventist",
1259,"Papa",42
1123,"Paramana",
690,"Pari",110
1377,"Passam",174
981,"Pinapasa",157
185,"Pomio DVS",136
194,"Pomio HC",136
1282,"Popondetta",137
374,"Porea",171
1266,"Porebada",42
685,"Portmoresby General",127
561,"RABARABA",7
202,"RABAUL",138
506,"RAI COAST",97
173,"RAUNSEPNA",181
986,"REBIAMUL",38
1262,"RMC",42
1316,"ROMA",100
977,"RULNA",23
7,"RURUVU",19
200,"Rabaul",138
179,"Rabaul (Nonga)",138
1240,"Ramu Sugar Ltd",166
103,"Rigo",140
1041,"Rumginae",
308,"S.I.L.",134
562,"SAGARAI",7
834,"SAGSAG",
761,"SAIHO",
751,"SAKARINA",
1140,"SALAMAUA HC",43
576,"SALAMO SC",28
595,"SAMARAI",141
1376,"SAMBAN",14
791,"SAMBERIGI",53
762,"SANGARA",
361,"SANGURAP",169
835,"SASSAVORU",
1359,"SASSOYA SC",
839,"SAUREN",
1298,"SDA MCH",9
157,"SEGIMA",147
1120,"SEGIRI",
577,"SEHULEA HC",28
880,"SEIM",
23,"SELAU (HANTOA)",126
881,"SIBILANGA",
596,"SIDEIA",141
321,"SIGEREHE",165
130,"SIGIMARU/ KARIMUI",61
446,"SIGMIL/ KOLAMEL",143
847,"SILANGA",
735,"SILUR",
307,"SIMBARI SC",134
736,"SIMBERI SC",144
739,"SIMBERI UC",144
965,"SIMBUMALE",113
49,"SINGKODO",150
24,"SIPAI",126
1287,"SIROGA",137
1383,"SISSANO/OLBRUM",2
195,"SIVAUNA",136
25,"SKOTOLAN",19
359,"SOPAS",169
773,"SOUTHERN HIGHLANDS Provincial Vaccine Store",102
43,"SOVELE",150
563,"SUAU",7
792,"SUMBURA",53
793,"SUMI",53
515,"SUMKAR",153
323,"SUSU MAMAS",
990,"SUSU MAMAS",38
700,"SUSU MAMAS",
282,"SUSU MAMAS",34
754,"Safia",
1222,"Saidor",139
1390,"Salvation Army Koki Urban Clinic",110
588,"Samarai-Murua",141
1030,"Samari",
1374,"Sambago",137
1362,"Samban",180
972,"Sanap",38
1217,"Sangapi",108
1241,"Sausi",166
1045,"Selbang",
1192,"Semo",29
1193,"Sialum",29
1245,"Siar CHP",98
1218,"Simbai",108
318,"Simogu",135
154,"SinaSinaYonggomugl",145
598,"Sinaketa",
1176,"Sirasira 2 Men",84
1213,"Sisiak",6
1188,"Situm",120
1198,"Siwea SC",164
699,"Six Miles",127
1267,"Sogeri",42
1290,"Sohe",149
34,"South Bougainville",150
701,"St. Theresa",130
680,"St. Theresa",130
53,"Steamas",19
1031,"Suki (Gigwa)",
44,"TABAGO",150
461,"TABIBUGA",
275,"TAFETO",22
1289,"TAGAHO",137
353,"TAMBITANIS",88
994,"TAMBUL",157
819,"TAMENDA",
737,"TANGA",
435,"TANI WALETE",160
1278,"TAPILA",25
1111,"TAPINI",
176,"TAPIPIPI",181
184,"TAPO",69
564,"TARAKWARURU",7
436,"TARI",160
713,"TASINGINA",187
714,"TASKUL",
32,"TASMAN",126
1068,"TAURUBA",140
662,"TAWAE-SIASSI",162
1279,"TEAPOPO",25
27,"TEAROUKI",126
812,"TEGIBO",124
887,"TEKIN",
888,"TELEFOMIN",163
988,"TENGTENGA",156
392,"TERAPO",
978,"TIGI",23
413,"TIGIBI",70
1308,"TIMBUNKE",14
544,"TINGOU",185
715,"TINGWON",
335,"TINJIPAKA",85
959,"TINSLEY",115
334,"TITIP",59
309,"TO'OKENA",134
462,"TOGBAN SC",
998,"TOGOBA",38
1000,"TOMBA",157
450,"TOMBIL",131
8,"TONIVA",
45,"TONU SC",150
802,"TOPA",103
370,"TOPAKA",171
1356,"TOREMBI",177
1109,"TORORO",
964,"TROLGA",114
463,"TSENDIAP",50
752,"TUFI",
892,"TUMOLBIL",
1326,"TUMURAU",174
46,"TURIBOIRU",150
836,"TURUK",
1247,"Tabel CHP",153
1042,"Tabubil (OTML LTD)",
840,"Talasea",
992,"Tambul/Nebilyer",157
1227,"Tapen",139
1043,"Tarakbits",
430,"Tari/Pori",160
1364,"Taul",180
691,"Taurama",110
1223,"Tauta",139
1183,"Tawa",106
885,"Telefomin",
1167,"Tenth CIty",84
1224,"Teptep",139
681,"Tokarara",130
1189,"Torowa",120
1002,"Tsipai",116
1173,"Tsuia",84
1260,"Tubusereia",42
373,"Tukusenda",87
296,"UBAIGUBI",96
1384,"ULAI",4
848,"ULAMONA",
578,"ULISALOLO",28
1314,"ULUPU",100
716,"UMBUKUL",
365,"UNDA",171
849,"UNEA",
322,"UNGGAI",165
1168,"UNITECH",84
1117,"UPULIMA",
523,"USINO BUNDI",167
905,"UTAI",
206,"UTMEI",181
196,"UVOL",136
698,"Ulamagi Nazerene",110
1184,"Umba CHP",106
320,"Unggai/Benna",165
682,"University",130
9999,"Unknown Facility",
1033,"Upiara",
1243,"Usino",166
1210,"Utu",6
850,"VALOKA",
903,"VANIMO",
902,"VANIMO HOSPITAL",
182,"VATANABARA",69
1088,"VEIFA'A",
198,"VISOPUNA",136
851,"VITU (PARURU)",
174,"VUNAPAKA",181
183,"VUNAPOPE",69
693,"Vabukori",110
893,"Vanimo/GreenRiver",
207,"Vasapuna",
861,"Vatukele",
360,"WABAG",169
412,"WABIA",70
586,"WAILAGI",68
1087,"WAIMA",
9,"WAKUNAI",19
415,"WALAGU",70
336,"WALUPIM",59
148,"WANDI",82
117,"WANGOI",21
753,"WANIGELA",
428,"WANIKIPA",78
367,"WAPENAMANDA",170
794,"WAPOSALE",52
466,"WARAMANZ",50
197,"WARANGOI",136
814,"WARO",124
803,"WAS",103
904,"WASSENGLA",
882,"WASSISI",
1277,"WASUA",24
276,"WATABUNG",22
883,"WATI",
587,"WATULUMA",68
1249,"WAU-WARIA",173
920,"WAWOI FALLS",
279,"WEST GOROKA",34
823,"WEST NEW BRITAIN Provincial Vaccine Store",154
863,"WEST SEPIK Provincial Vaccine Store",168
1270,"WESTERN - Delta Fly DVS",24
924,"WESTERN - North Fly DVS",128
942,"WESTERN - South Fly DVS",151
955,"WESTERN HIGHLANDS Provincial Vaccine Store",112
908,"WESTERN-Middle Fly DVS",107
1323,"WEWAK MCH",174
1321,"WEWAK TOWN",174
778,"WILLIAME",46
1322,"WIRUI",175
1107,"WOITAPE",
1357,"WOMBISA",177
310,"WONENARA",134
545,"WUVULU",
357,"Wabag",169
1004,"Wabag",169
1134,"Waffi CHP",18
1141,"Wagezareng HC",30
1121,"Wairavanua",
973,"Waknam",155
859,"Wako",
1242,"Walium",166
1135,"Wampar  HC",44
1175,"Wantoat",84
1219,"Wanuma",108
363,"Wapenamanda",171
766,"Waru",
1195,"Wasu",161
1132,"Watut CHP",18
1250,"Wau",173
1164,"Wemasa",51
1166,"West Taraka",84
239,"Wewak",174
1034,"Wipim",
249,"Wosera Gawi",176
1296,"YAGRUMBOK",9
368,"YAIBOS",171
369,"YALIS",171
344,"YAMPU",73
120,"YANDIME",21
342,"YANGISA",73
354,"YANGO",93
1360,"YANGORU",180
889,"YAPSIE",
337,"YAPUM",59
785,"YARIA",48
291,"YAUNA",54
1108,"YONGAI",
1112,"YULAI",
1086,"YULE ISLAND",
1211,"Yagaum",6
372,"Yaibos",171
1162,"Yalumet",51
1182,"Yamaya CHP",106
256,"Yangoru Saussia",178
319,"Yasubi",135
1139,"Zaka HP",43
966,"lumusa",113