"name","label","region_key"
1,"National Capital District",1
2,"Bougainville",2
3,"Chimbu",3
4,"Eastern Highlands",3
5,"Enga",3
6,"East New Britain",2
7,"East Sepik",4
8,"Hela",3
9,"Jiwaka",3
10,"Western",1
11,"Gulf",1
12,"Central",1
13,"National Capital District",1
14,"Milne Bay",1
15,"Northern Oro",1
16,"Southern Highlands",3
17,"Enga",3
18,"Western Highlands",3
19,"Chimbu",3
20,"Eastern Highlands",3
21,"Morobe",4
22,"Madang",4
23,"East Sepik",4
24,"West Sepik",4
25,"Manus",2
26,"New Ireland",2
27,"East New Britain",2
28,"West New Britain",2
29,"Bougainville",2
30,"Hela",3
31,"Jiwaka",3
32,"Western Province",1